{"stats":{"minecraft:custom":{"minecraft:jump":27,"minecraft:time_since_rest":11244,"minecraft:leave_game":1,"minecraft:sprint_one_cm":3263,"minecraft:play_time":11244,"minecraft:time_since_death":11244,"minecraft:walk_one_cm":3018,"minecraft:sneak_time":52,"minecraft:total_world_time":11244,"minecraft:fly_one_cm":89871},"minecraft:broken":{"modernlife:extended_gun_magazine":1},"minecraft:picked_up":{"minecraft:birch_log":5,"minecraft:stick":6,"minecraft:oak_log":4,"minecraft:oak_sapling":1,"minecraft:birch_sapling":2,"minecraft:dirt":2,"minecraft:gravel":1},"minecraft:used":{"minecraft:stone":4,"minecraft:grass_block":2}},"DataVersion":3120}