{"stats":{"minecraft:picked_up":{"minecraft:acacia_log":1},"minecraft:custom":{"minecraft:jump":38,"minecraft:time_since_rest":6312,"minecraft:leave_game":1,"minecraft:walk_on_water_one_cm":574,"minecraft:sprint_one_cm":2562,"minecraft:play_time":6312,"minecraft:damage_taken":40,"minecraft:time_since_death":6312,"minecraft:walk_one_cm":2427,"minecraft:sneak_time":36,"minecraft:total_world_time":6312,"minecraft:fall_one_cm":1226,"minecraft:fly_one_cm":29194},"minecraft:mined":{"minecraft:acacia_log":1},"minecraft:used":{"minecraft:acacia_log":1,"minecraft:bone_meal":6,"dynamictrees:oak_seed":1}},"DataVersion":3465}